account_length,total_intl_charge,churn
-2.083240272,1.219068105,1
-1.087268827,1.690965436,0
-0.489685961,-0.479762286,1
-0.190894527,0.747170774,0
-0.190894527,-0.196623888,0
-0.091297382,-1.423556948,0
0.008299762,-1.612315881,0
0.506285485,0.747170774,0
0.605882629,0.275273443,0
0.008299762,-0.479762286,0
1.402659785,-0.574141753,0
1.601854074,0.086514511,0
